Location,Date of Accident,Time of Accident,Accident Severity,Collision Type,Cause of Accident,Number of Vehicles,Vehicle Types,Driver Age Group,Number of Fatalities,Number of Injuries,Property Damage Level
Sea Street Kotahena,2022-09-09,08:08,Minor Injury,Pedestrian Collision,Reckless Driving,2,Motorcycle; Three Wheeler,46-55,0,2,High
Bauddhaloka Mawatha Havelock Town,2024-01-23,19:41,Fatal,Motorcycle Collision,Overspeeding,3,Motorcycle; Car; Three Wheeler,18-25,1,5,Moderate
Kochchikade Junction,2025-04-23,00:59,Minor Injury,Side-impact Collision,Reckless Driving,2,Motorcycle; Lorry,56+,0,1,Low
Borella Junction,2024-06-05,19:57,Minor Injury,Rear-end Collision,Distracted Driving,2,Three Wheeler; Motorcycle,46-55,0,4,Low
Union Place Borella,2022-04-20,09:20,Minor Injury,Rear-end Collision,Driver Negligence,1,Three Wheeler,18-25,0,4,High
Darley Road Cinnamon Gardens,2025-01-01,16:30,Minor Injury,Rear-end Collision,Driver Fatigue,2,Three Wheeler; Van,46-55,0,1,Moderate
Narahenpita Junction,2023-12-22,05:59,Minor Injury,Multi-vehicle Collision,Driver Fatigue,4,Motorcycle; Car; Lorry; Bus,46-55,0,3,High
Messenger Street Pettah,2023-05-14,18:27,Fatal,Pedestrian Collision,Failure to Yield,2,Car; Three Wheeler,36-45,1,1,High
Bambalapitiya Junction,2025-11-30,18:24,Serious Injury,Rear-end Collision,Reckless Driving,1,Bicycle,56+,0,3,High
Kochchikade Junction,2023-01-23,10:29,Minor Injury,Single Vehicle Crash,Driver Negligence,1,Three Wheeler,26-35,0,3,High
Grandpass Junction,2023-02-21,14:22,Serious Injury,Multi-vehicle Collision,Overspeeding,4,Car; Motorcycle; Bus; Van,26-35,0,3,High
Dematagoda Junction,2023-02-26,21:30,Minor Injury,Pedestrian Collision,Reckless Driving,1,Motorcycle,26-35,0,1,Low
Kolonnawa Junction,2023-08-08,19:55,Minor Injury,Side-impact Collision,Poor Visibility,1,Three Wheeler,36-45,0,4,Low
Mattakkuliya Junction,2023-12-03,18:53,Minor Injury,Motorcycle Collision,Unsafe Lane Change,2,Motorcycle; Van,26-35,0,3,Moderate
Kollupitiya Railway Station Area,2024-08-18,19:17,Minor Injury,Side-impact Collision,Reckless Driving,2,Bicycle; Car,18-25,0,4,Low
Maradana Junction,2025-03-20,19:00,Serious Injury,Pedestrian Collision,Overspeeding,2,Motorcycle; Bus,18-25,0,5,Moderate
Justice Akbar Mawatha Slave Island,2024-03-07,08:34,Minor Injury,Rear-end Collision,Driver Negligence,1,Three Wheeler,56+,0,3,Low
D R Wijewardena Mawatha Fort,2025-12-24,08:34,Fatal,Multi-vehicle Collision,Overspeeding,3,Three Wheeler; Motorcycle; Lorry,18-25,1,5,Low
"Junction of Havelock Road and Dickman's Road, Colombo 05",2022-08-13,12:22,Minor Injury,Motorcycle Collision,Overspeeding,2,Motorcycle; Bicycle,18-25,0,2,Low
Union Place Borella,2024-08-21,22:57,Minor Injury,Side-impact Collision,Driver Negligence,1,Van,18-25,0,3,Low
Madampitiya Road,2022-02-22,23:57,Serious Injury,Side-impact Collision,Reckless Driving,1,Motorcycle,36-45,0,4,High
Havelock Road Havelock Town,2023-05-16,09:36,Minor Injury,Single Vehicle Crash,Driver Negligence,1,Motorcycle,18-25,0,3,Low
Viharamahadevi Park Entrance,2024-01-09,17:40,Minor Injury,Motorcycle Collision,Driver Negligence,1,Motorcycle,26-35,0,2,Moderate
Union Place Borella,2025-05-06,17:21,Serious Injury,Side-impact Collision,Reckless Driving,4,Car; Motorcycle; Three Wheeler; Bicycle,18-25,0,3,Moderate
Pettah Clock Tower Area,2022-07-23,15:50,Minor Injury,Side-impact Collision,Reckless Driving,2,Three Wheeler; Motorcycle,36-45,0,3,Low
Maradana Junction,2024-04-20,13:00,Minor Injury,Pedestrian Collision,Pedestrian Negligence,1,Motorcycle,18-25,0,1,Moderate
Grandpass Junction,2023-02-27,08:24,Minor Injury,Motorcycle Collision,Reckless Driving,2,Motorcycle; Car,56+,0,3,Moderate
Galle Road Fort,2023-11-21,08:43,Serious Injury,Single Vehicle Crash,Driver Negligence,1,Car,18-25,0,6,High
Havelock Town Junction,2024-05-19,10:24,Serious Injury,Pedestrian Collision,Distracted Driving,2,Motorcycle; Three Wheeler,26-35,0,3,High
Justice Akbar Mawatha Slave Island,2025-05-09,17:36,Minor Injury,Rear-end Collision,Overspeeding,2,Van; Three Wheeler,46-55,0,4,Low
Narahenpita Junction,2022-07-17,22:36,Fatal,Side-impact Collision,Reckless Driving,1,Car,26-35,1,4,High
Bauddhaloka Mawatha Cinnamon Gardens,2025-05-21,13:53,Minor Injury,Rear-end Collision,Unsafe Lane Change,2,Three Wheeler; Motorcycle,36-45,0,2,Low
Duplication Road Bambalapitiya,2024-09-14,09:40,Fatal,Multi-vehicle Collision,Reckless Driving,2,Van; Bicycle,46-55,1,6,High
Armour Street Pettah,2023-02-24,15:47,Minor Injury,Side-impact Collision,Distracted Driving,2,Three Wheeler; Motorcycle,18-25,0,3,High
Armour Street Junction,2022-05-08,06:31,Minor Injury,Side-impact Collision,Driver Negligence,2,Car; Motorcycle,56+,0,4,Moderate
Borella Junction,2023-02-15,12:02,Minor Injury,Rear-end Collision,Mechanical Failure,3,Three Wheeler; Car; Bicycle,36-45,0,4,Moderate
Union Place Borella,2023-08-03,16:43,Serious Injury,Rear-end Collision,Reckless Driving,1,Three Wheeler,26-35,0,3,High
High Level Road Kirulapone,2025-02-28,17:37,Minor Injury,Rear-end Collision,Driver Fatigue,3,Three Wheeler; Motorcycle; Car,18-25,0,4,Moderate
Armour Street Pettah,2025-11-07,10:23,Serious Injury,Side-impact Collision,Overspeeding,4,Car; Van; Motorcycle; Three Wheeler,26-35,0,5,High
Liberty Plaza Area,2024-03-30,14:52,Serious Injury,Side-impact Collision,Reckless Driving,1,Motorcycle,46-55,0,4,Moderate
Hulftsdorp Junction,2024-12-18,14:03,Minor Injury,Side-impact Collision,Unsafe Lane Change,2,Car; Three Wheeler,36-45,0,2,Low
High Level Road Kirulapone,2025-01-24,08:39,Minor Injury,Rear-end Collision,Distracted Driving,2,Motorcycle; Bus,18-25,0,3,Low
Ibbanwala Junction,2022-07-04,15:38,Serious Injury,Motorcycle Collision,Unsafe Lane Change,2,Motorcycle; Bus,18-25,0,3,Moderate
Borella Police Area,2025-06-24,17:55,Serious Injury,Single Vehicle Crash,Poor Visibility,1,Three Wheeler,36-45,0,2,Moderate
Kotahena Junction,2025-12-14,18:34,Minor Injury,Single Vehicle Crash,Driver Negligence,1,Bicycle,36-45,0,1,High
Slave Island Junction,2024-08-17,00:54,Serious Injury,Side-impact Collision,Driver Negligence,2,Motorcycle; Car,46-55,0,5,High
Borella Junction,2025-03-03,17:47,Minor Injury,Motorcycle Collision,Reckless Driving,2,Motorcycle; Bicycle,18-25,0,2,Moderate
Kynsey Road Colombo 08,2024-08-10,20:33,Serious Injury,Rear-end Collision,Poor Visibility,2,Bicycle; Three Wheeler,36-45,0,3,Moderate
Bambalapitiya Junction,2023-10-23,22:30,Minor Injury,Rear-end Collision,Reckless Driving,1,Motorcycle,18-25,0,2,Low
Bauddhaloka Mawatha Cinnamon Gardens,2025-12-04,09:48,Fatal,Head-on Collision,Poor Visibility,4,Three Wheeler; Lorry; Motorcycle; Van,18-25,2,5,Low
"Junction of Sri Jayawardenepura Mawatha and Jayanthi Mawatha, Battaramulla",2024-10-23,08:48,Minor Injury,Pedestrian Collision,Driver Negligence,2,Motorcycle; Lorry,36-45,0,1,Low
Armour Street Junction,2023-09-22,06:57,Fatal,Multi-vehicle Collision,Pedestrian Negligence,4,Van; Motorcycle; Three Wheeler; Bicycle,36-45,1,7,High
Dutugemunu Street Colombo 06,2023-06-25,16:25,Minor Injury,Motorcycle Collision,Distracted Driving,2,Motorcycle; Bicycle,26-35,0,2,Moderate
Armour Street Junction,2025-10-24,20:22,Minor Injury,Pedestrian Collision,Overspeeding,2,Motorcycle; Car,18-25,0,2,High
Fort Railway Station Area,2023-02-12,09:23,Minor Injury,Rear-end Collision,Reckless Driving,3,Three Wheeler; Motorcycle; Car,26-35,0,2,Low
Galle Road Fort,2025-08-14,11:15,Minor Injury,Side-impact Collision,Distracted Driving,1,Van,18-25,0,3,High
High Level Road Kirulapone,2025-07-21,09:12,Fatal,Motorcycle Collision,Reckless Driving,1,Motorcycle,56+,1,1,High
Bambalapitiya Junction,2025-01-14,09:31,Fatal,Rear-end Collision,Overspeeding,2,Three Wheeler; Bicycle,26-35,1,3,High
Sir Chittampalam A Gardiner Mawatha Fort,2024-09-27,07:28,Minor Injury,Head-on Collision,Overspeeding,2,Motorcycle; Van,26-35,0,4,Low
"No. 12 Second Cross Street, Pettah, Colombo 11",2023-12-26,08:24,Minor Injury,Motorcycle Collision,Driver Fatigue,3,Motorcycle; Three Wheeler; Lorry,26-35,0,1,Moderate
Union Place Borella,2025-11-21,20:21,Serious Injury,Rear-end Collision,Driver Negligence,2,Bus; Bicycle,26-35,0,5,High
Dematagoda Junction,2023-03-08,07:31,Serious Injury,Motorcycle Collision,Reckless Driving,2,Motorcycle; Bus,18-25,0,2,High
Bambalapitiya Junction,2025-09-24,14:32,Minor Injury,Multi-vehicle Collision,Failure to Yield,3,Bicycle; Three Wheeler; Motorcycle,26-35,0,4,High
Messenger Street Pettah,2023-03-23,18:48,Minor Injury,Motorcycle Collision,Failure to Yield,2,Motorcycle; Three Wheeler,46-55,0,2,Moderate
Armour Street Junction,2025-04-21,23:46,Fatal,Side-impact Collision,Overspeeding,1,Motorcycle,18-25,1,1,Moderate
Town Hall Area,2025-02-20,19:00,Minor Injury,Pedestrian Collision,Driver Negligence,1,Motorcycle,56+,0,2,Low
"No. 12 Gregory's Road, Colombo 07",2025-08-09,12:28,Minor Injury,Rear-end Collision,Overspeeding,2,Three Wheeler; Car,18-25,0,2,Low
Havelock Town Junction,2024-11-01,22:18,Serious Injury,Multi-vehicle Collision,Reckless Driving,2,Car; Van,46-55,0,4,Low
Modara Junction,2025-02-14,23:19,Minor Injury,Single Vehicle Crash,Driver Negligence,1,Motorcycle,46-55,0,1,Moderate
Galle Road Wellawatte,2025-07-18,13:28,Minor Injury,Motorcycle Collision,Overspeeding,2,Motorcycle; Three Wheeler,36-45,0,3,High
Maradana Junction,2024-01-02,07:24,Serious Injury,Motorcycle Collision,Overspeeding,4,Motorcycle; Bicycle; Car; Bus,46-55,0,3,Moderate
Manning Market Area,2023-10-17,13:41,Fatal,Motorcycle Collision,Overspeeding,2,Motorcycle; Bicycle,26-35,1,4,High
Borella Junction,2022-11-23,06:59,Minor Injury,Side-impact Collision,Driver Negligence,2,Three Wheeler; Bicycle,26-35,0,4,Low
Kollupitiya Flyover Approach,2025-04-09,22:03,Minor Injury,Motorcycle Collision,Failure to Yield,3,Motorcycle; Three Wheeler; Bicycle,26-35,0,2,High
Wellawatte Junction,2024-08-07,19:56,Fatal,Multi-vehicle Collision,Overspeeding,4,Car; Three Wheeler; Motorcycle; Bicycle,46-55,2,6,Moderate
"No. 88 Horton Place, Colombo 07",2025-08-07,13:59,Fatal,Pedestrian Collision,Overspeeding,1,Bus,18-25,1,2,High
Darley Road Cinnamon Gardens,2024-11-23,07:12,Fatal,Rear-end Collision,Unsafe Lane Change,1,Motorcycle,26-35,1,1,High
Maradana Junction,2022-10-08,06:37,Minor Injury,Motorcycle Collision,Reckless Driving,1,Motorcycle,26-35,0,3,Moderate
Wellawatte Junction,2024-01-12,05:24,Minor Injury,Motorcycle Collision,Pedestrian Negligence,1,Motorcycle,26-35,0,1,Moderate
Bauddhaloka Mawatha Cinnamon Gardens,2025-06-21,08:30,Serious Injury,Motorcycle Collision,Pedestrian Negligence,2,Motorcycle; Car,26-35,0,6,High
Nelum Pokuna Area,2022-09-08,14:55,Fatal,Motorcycle Collision,Driver Fatigue,3,Motorcycle; Three Wheeler; Bus,36-45,1,5,Moderate
Moratuwa Junction,2025-12-09,17:46,Serious Injury,Pedestrian Collision,Overspeeding,1,Motorcycle,18-25,0,2,High
Pettah Market Area,2023-10-22,13:59,Fatal,Single Vehicle Crash,Unsafe Lane Change,1,Motorcycle,26-35,1,3,High
Baseline Road Borella,2024-03-31,19:44,Minor Injury,Single Vehicle Crash,Unsafe Lane Change,1,Three Wheeler,18-25,0,1,Moderate
Hulftsdorp Junction,2025-11-15,19:16,Minor Injury,Motorcycle Collision,Distracted Driving,1,Motorcycle,56+,0,3,Low
Kotahena Junction,2023-07-28,14:25,Minor Injury,Motorcycle Collision,Pedestrian Negligence,2,Motorcycle; Car,56+,0,3,Low
Mattakkuliya Junction,2025-10-26,12:31,Minor Injury,Head-on Collision,Distracted Driving,1,Three Wheeler,36-45,0,1,Low
Kotahena Junction,2023-11-19,20:57,Minor Injury,Multi-vehicle Collision,Poor Visibility,4,Lorry; Three Wheeler; Motorcycle; Van,56+,0,4,Moderate
Borella Junction,2024-06-13,12:33,Serious Injury,Rear-end Collision,Driver Fatigue,3,Motorcycle; Car; Lorry,18-25,0,2,High
Borella Junction,2022-12-10,01:32,Minor Injury,Motorcycle Collision,Driver Fatigue,2,Motorcycle; Three Wheeler,46-55,0,2,Low
High Level Road Kirulapone,2025-01-13,11:35,Minor Injury,Head-on Collision,Overspeeding,2,Motorcycle; Car,18-25,0,4,Low
Slave Island Junction,2025-05-08,09:55,Minor Injury,Multi-vehicle Collision,Driver Fatigue,2,Car; Three Wheeler,26-35,0,3,High
Dehiwela Junction,2023-03-23,18:53,Serious Injury,Pedestrian Collision,Overspeeding,2,Motorcycle; Lorry,36-45,0,2,High
Galle Road Wellawatte,2024-01-27,02:11,Minor Injury,Rear-end Collision,Driver Negligence,1,Motorcycle,26-35,0,4,Moderate
Maradana Junction,2024-10-26,08:55,Minor Injury,Side-impact Collision,Distracted Driving,1,Three Wheeler,46-55,0,3,High
Bambalapitiya Junction,2023-09-21,11:28,Minor Injury,Rear-end Collision,Drunk Driving,1,Three Wheeler,26-35,0,1,High
Borella Junction,2023-05-24,17:03,Minor Injury,Side-impact Collision,Overspeeding,1,Van,26-35,0,3,Low
Messenger Street Pettah,2023-11-29,18:14,Minor Injury,Side-impact Collision,Driver Negligence,2,Three Wheeler; Van,56+,0,1,Moderate
Sir Chittampalam A Gardiner Mawatha Fort,2022-04-18,09:46,Minor Injury,Motorcycle Collision,Reckless Driving,3,Motorcycle; Car; Bicycle,46-55,0,2,Low
Wellawatte Junction,2024-03-15,17:25,Minor Injury,Rear-end Collision,Reckless Driving,2,Motorcycle; Van,46-55,0,4,Low
High Level Road Kirulapone,2023-07-11,14:26,Minor Injury,Rear-end Collision,Distracted Driving,1,Van,36-45,0,3,Low
Galle Road Fort,2023-08-02,08:28,Fatal,Multi-vehicle Collision,Distracted Driving,3,Motorcycle; Car; Three Wheeler,18-25,1,4,High
Justice Akbar Mawatha Slave Island,2023-05-06,10:02,Serious Injury,Multi-vehicle Collision,Driver Negligence,3,Three Wheeler; Motorcycle; Bus,56+,0,3,High
Maradana Railway Station Area,2025-08-19,08:56,Fatal,Rear-end Collision,Reckless Driving,4,Lorry; Three Wheeler; Motorcycle; Car,18-25,2,8,Moderate
"No. 14 Bloemendhal Road, Colombo 13",2024-02-26,14:44,Minor Injury,Multi-vehicle Collision,Driver Negligence,3,Three Wheeler; Motorcycle; Van,18-25,0,3,Low
"No. 45 Messenger Street, Pettah, Colombo 11",2022-02-14,20:01,Minor Injury,Motorcycle Collision,Overspeeding,3,Motorcycle; Van; Bicycle,36-45,0,3,Moderate
Kochchikade Junction,2025-12-12,13:47,Minor Injury,Head-on Collision,Overspeeding,1,Motorcycle,18-25,0,2,High
Pettah Market Area,2024-02-20,06:04,Serious Injury,Side-impact Collision,Driver Negligence,2,Car; Motorcycle,36-45,0,2,High
Maradana Junction,2025-07-07,13:27,Serious Injury,Pedestrian Collision,Overspeeding,2,Motorcycle; Car,26-35,0,6,Low
Wellawatte Junction,2024-01-26,17:52,Minor Injury,Multi-vehicle Collision,Distracted Driving,3,Car; Motorcycle; Bicycle,18-25,0,4,Low
Armour Street Junction,2022-07-30,21:49,Minor Injury,Pedestrian Collision,Driver Negligence,1,Van,26-35,0,1,Low
High Level Road Kirulapone,2024-02-23,09:54,Minor Injury,Motorcycle Collision,Driver Fatigue,3,Motorcycle; Bus; Bicycle,56+,0,2,Low
Borella Junction,2024-07-24,11:49,Serious Injury,Pedestrian Collision,Overspeeding,2,Motorcycle; Three Wheeler,46-55,0,5,High
Sea Street Pettah,2023-06-26,20:02,Serious Injury,Multi-vehicle Collision,Overspeeding,3,Lorry; Car; Van,18-25,0,5,Low
High Level Road Kirulapone,2024-06-23,19:53,Serious Injury,Head-on Collision,Failure to Yield,2,Van; Three Wheeler,26-35,0,5,High
Maradana Junction,2025-05-11,09:34,Minor Injury,Side-impact Collision,Overspeeding,2,Car; Motorcycle,18-25,0,2,Moderate
Darley Road Cinnamon Gardens,2025-12-21,19:44,Minor Injury,Multi-vehicle Collision,Distracted Driving,4,Motorcycle; Van; Three Wheeler; Bicycle,56+,0,4,Low
"No. 12 Buller's Road, Colombo 07",2024-06-06,10:49,Minor Injury,Rear-end Collision,Distracted Driving,4,Three Wheeler; Car; Motorcycle; Van,26-35,0,1,Moderate
Justice Akbar Mawatha Slave Island,2025-03-07,09:47,Minor Injury,Side-impact Collision,Poor Visibility,1,Car,46-55,0,2,Moderate
"Junction of Galle Road and Rawathawatte Road, Moratuwa",2022-01-16,09:18,Minor Injury,Motorcycle Collision,Driver Negligence,2,Motorcycle; Car,18-25,0,2,Moderate
Havelock Road Havelock Town,2024-01-21,04:27,Serious Injury,Rear-end Collision,Failure to Yield,4,Motorcycle; Car; Bus; Bicycle,46-55,0,2,High
Sea Street Junction,2024-05-31,21:35,Minor Injury,Rear-end Collision,Overspeeding,2,Lorry; Three Wheeler,26-35,0,3,Low
Pamankada Junction,2025-02-23,20:14,Serious Injury,Multi-vehicle Collision,Reckless Driving,3,Three Wheeler; Motorcycle; Car,36-45,0,2,High
Bambalapitiya Junction,2025-04-14,01:40,Minor Injury,Rear-end Collision,Distracted Driving,1,Car,46-55,0,3,Low
Grandpass Road Colombo 14,2025-03-26,00:04,Fatal,Multi-vehicle Collision,Driver Negligence,3,Bus; Car; Motorcycle,26-35,2,6,High
Sir Chittampalam A Gardiner Mawatha Fort,2025-08-17,14:57,Minor Injury,Side-impact Collision,Driver Negligence,2,Motorcycle; Three Wheeler,46-55,0,2,Low
Pettah Clock Tower Area,2025-06-05,09:46,Serious Injury,Rear-end Collision,Reckless Driving,1,Bicycle,36-45,0,4,High
Galle Road Kollupitiya,2022-09-02,20:21,Minor Injury,Single Vehicle Crash,Unsafe Lane Change,1,Three Wheeler,36-45,0,4,High
Panchikawatte,2025-02-28,04:31,Serious Injury,Motorcycle Collision,Failure to Yield,2,Motorcycle; Bicycle,26-35,0,4,High
Kollupitiya Flyover Approach,2025-10-03,08:18,Minor Injury,Rear-end Collision,Driver Negligence,2,Motorcycle; Van,36-45,0,2,Low
Messenger Street Pettah,2022-03-29,21:07,Minor Injury,Motorcycle Collision,Distracted Driving,1,Motorcycle,36-45,0,1,Low
Messenger Street Pettah,2023-01-12,17:25,Serious Injury,Rear-end Collision,Overspeeding,1,Three Wheeler,36-45,0,5,High
Slave Island Junction,2023-10-04,08:36,Minor Injury,Single Vehicle Crash,Pedestrian Negligence,1,Three Wheeler,46-55,0,1,Low
Messenger Street Pettah,2022-11-20,12:57,Minor Injury,Pedestrian Collision,Unsafe Lane Change,1,Car,26-35,0,1,Moderate
"No. 34 Baseline Road, Kolonnawa",2023-01-31,19:02,Serious Injury,Side-impact Collision,Unsafe Lane Change,1,Bicycle,26-35,0,3,High
Darley Road Cinnamon Gardens,2023-09-28,07:13,Minor Injury,Rear-end Collision,Reckless Driving,3,Motorcycle; Three Wheeler; Van,56+,0,2,Low
Duplication Road Bambalapitiya,2024-07-05,11:55,Serious Injury,Motorcycle Collision,Pedestrian Negligence,3,Motorcycle; Three Wheeler; Van,36-45,0,3,High
Liberty Plaza Area,2024-01-23,17:35,Minor Injury,Multi-vehicle Collision,Overspeeding,4,Lorry; Motorcycle; Bicycle; Bus,18-25,0,4,Low
Mattakkuliya Junction,2022-04-08,08:57,Minor Injury,Pedestrian Collision,Overspeeding,1,Motorcycle,18-25,0,2,Low
Dematagoda Junction,2024-06-18,14:18,Serious Injury,Single Vehicle Crash,Overspeeding,1,Three Wheeler,18-25,0,6,High
Bambalapitiya Junction,2024-01-20,18:33,Minor Injury,Motorcycle Collision,Driver Negligence,2,Motorcycle; Lorry,36-45,0,2,Moderate
Fort Railway Station Area,2024-03-20,21:48,Serious Injury,Single Vehicle Crash,Distracted Driving,1,Three Wheeler,18-25,0,2,High
Colombo Fort Bus Stand Area,2024-02-13,03:49,Serious Injury,Rear-end Collision,Failure to Yield,3,Three Wheeler; Motorcycle; Car,18-25,0,6,High
Justice Akbar Mawatha Slave Island,2024-07-10,00:11,Minor Injury,Rear-end Collision,Poor Visibility,2,Car; Three Wheeler,18-25,0,4,Low
"Junction of Kolonnawa Road and Wellampitiya Road, Wellampitiya",2025-01-10,22:22,Fatal,Pedestrian Collision,Overspeeding,2,Three Wheeler; Car,18-25,1,1,Moderate
Modara Junction,2024-07-27,19:45,Serious Injury,Pedestrian Collision,Reckless Driving,1,Lorry,46-55,0,3,High
Marine Drive Kollupitiya,2023-04-11,09:56,Minor Injury,Single Vehicle Crash,Overspeeding,1,Van,26-35,0,1,High
Slave Island Junction,2022-04-06,09:28,Minor Injury,Single Vehicle Crash,Driver Negligence,1,Bus,56+,0,3,High
Pettah Clock Tower Area,2025-07-14,08:24,Serious Injury,Side-impact Collision,Driver Negligence,2,Three Wheeler; Bus,56+,0,2,Moderate
Sea Street Kotahena,2022-12-11,10:53,Minor Injury,Head-on Collision,Unsafe Lane Change,1,Three Wheeler,36-45,0,2,Moderate
Havelock Place Area,2025-12-24,03:35,Minor Injury,Rear-end Collision,Distracted Driving,1,Three Wheeler,26-35,0,3,Low
Nawala Junction,2022-10-17,08:35,Minor Injury,Rear-end Collision,Driver Negligence,2,Van; Three Wheeler,18-25,0,2,Moderate
Kollupitiya Railway Station Area,2025-04-02,16:46,Minor Injury,Motorcycle Collision,Distracted Driving,2,Motorcycle; Three Wheeler,36-45,0,3,Low
Wellawatte Junction,2022-03-27,07:59,Minor Injury,Side-impact Collision,Driver Negligence,1,Three Wheeler,36-45,0,3,Low
Panchikawatte,2025-01-09,01:47,Minor Injury,Side-impact Collision,Driver Negligence,1,Motorcycle,18-25,0,2,Low
"No. 3 Justice Akbar Mawatha (Glennie Street), Colombo 02",2024-07-31,18:12,Minor Injury,Head-on Collision,Driver Negligence,1,Motorcycle,18-25,0,2,High
Main Street Pettah,2025-07-08,18:08,Fatal,Rear-end Collision,Overspeeding,2,Motorcycle; Car,26-35,1,4,High
Sir Chittampalam A Gardiner Mawatha Fort,2022-12-14,18:30,Serious Injury,Rear-end Collision,Distracted Driving,2,Three Wheeler; Motorcycle,56+,0,2,High
Galle Road Wellawatte,2024-12-20,06:40,Fatal,Side-impact Collision,Distracted Driving,3,Motorcycle; Three Wheeler; Bus,26-35,1,4,High
Kaduwela Junction,2024-04-16,09:09,Minor Injury,Pedestrian Collision,Driver Negligence,2,Motorcycle; Three Wheeler,36-45,0,2,Low
Armour Street Junction,2022-08-24,12:43,Minor Injury,Motorcycle Collision,Driver Negligence,2,Motorcycle; Bicycle,56+,0,3,Moderate
Hulftsdorp Junction,2025-03-23,23:21,Minor Injury,Rear-end Collision,Driver Negligence,3,Three Wheeler; Motorcycle; Van,18-25,0,2,Low
Dematagoda Junction,2024-11-02,08:01,Minor Injury,Rear-end Collision,Mechanical Failure,1,Three Wheeler,46-55,0,3,Moderate
Kochchikade Junction,2024-03-16,05:50,Minor Injury,Head-on Collision,Distracted Driving,1,Three Wheeler,36-45,0,3,Low
Kirulapone Avenue,2024-04-22,09:29,Minor Injury,Side-impact Collision,Reckless Driving,1,Three Wheeler,26-35,0,1,Moderate
Messenger Street Pettah,2023-06-24,08:42,Minor Injury,Single Vehicle Crash,Driver Negligence,1,Motorcycle,26-35,0,2,Low
"Junction of Cotta Road and Bauddhaloka Mawatha, Colombo 08",2023-07-02,09:15,Minor Injury,Motorcycle Collision,Driver Negligence,2,Motorcycle; Three Wheeler,36-45,0,3,Moderate
Grandpass Junction,2024-09-19,13:45,Minor Injury,Side-impact Collision,Reckless Driving,3,Motorcycle; Car; Three Wheeler,36-45,0,1,Low