Location,Date of Accident,Time of Accident,Accident Severity,Collision Type,Cause of Accident,Number of Vehicles,Vehicle Types,Driver Age Group,Number of Fatalities,Number of Injuries,Property Damage Level
Bauddhaloka Mawatha Havelock Town,2022-10-23,10:19,Minor Injury,Motorcycle Collision,Driver Fatigue,4,Motorcycle; Van; Bus; Three Wheeler,18-25,0,1,Moderate
Kotahena Junction,2023-03-27,21:13,Minor Injury,Pedestrian Collision,Overspeeding,1,Motorcycle,26-35,0,1,Moderate
Maradana Railway Station Area,2025-05-19,08:01,Serious Injury,Side-impact Collision,Driver Fatigue,4,Three Wheeler; Motorcycle; Lorry; Bicycle,26-35,0,3,High
Slave Island Junction,2024-11-11,19:50,Minor Injury,Pedestrian Collision,Pedestrian Negligence,2,Motorcycle; Three Wheeler,26-35,0,2,Moderate
Wellampitiya Junction,2023-01-03,11:29,Fatal,Motorcycle Collision,Pedestrian Negligence,2,Motorcycle; Bicycle,18-25,1,5,Moderate
Messenger Street Pettah,2025-09-07,14:56,Minor Injury,Head-on Collision,Driver Negligence,3,Three Wheeler; Motorcycle; Van,36-45,0,4,Moderate
Pettah Market Area,2023-01-31,22:52,Minor Injury,Rear-end Collision,Overspeeding,2,Three Wheeler; Motorcycle,46-55,0,3,Low
Union Place,2024-11-26,16:25,Minor Injury,Side-impact Collision,Pedestrian Negligence,1,Motorcycle,26-35,0,2,High
T B Jayah Mawatha Maradana,2025-09-18,07:31,Minor Injury,Single Vehicle Crash,Poor Visibility,1,Three Wheeler,18-25,0,3,Low
Sea Street Junction,2025-05-01,10:09,Serious Injury,Side-impact Collision,Unsafe Lane Change,3,Motorcycle; Lorry; Three Wheeler,26-35,0,3,Moderate
Galle Road Mount Lavinia,2025-10-23,10:08,Minor Injury,Pedestrian Collision,Distracted Driving,1,Motorcycle,56+,0,1,Moderate
Union Place Borella,2023-12-26,08:12,Minor Injury,Rear-end Collision,Poor Visibility,3,Motorcycle; Van; Three Wheeler,36-45,0,1,Low
Kochchikade Junction,2025-12-07,19:16,Serious Injury,Pedestrian Collision,Reckless Driving,1,Car,18-25,0,5,Moderate
D R Wijewardena Mawatha Fort,2025-07-20,18:43,Fatal,Multi-vehicle Collision,Overspeeding,3,Three Wheeler; Car; Lorry,56+,1,3,High
Dematagoda Junction,2025-03-08,20:33,Minor Injury,Multi-vehicle Collision,Distracted Driving,4,Motorcycle; Three Wheeler; Car; Van,18-25,0,2,High
Modara Junction,2023-03-20,08:28,Minor Injury,Side-impact Collision,Reckless Driving,1,Car,26-35,0,2,High
Duplication Road Bambalapitiya,2022-05-05,17:52,Minor Injury,Motorcycle Collision,Failure to Yield,2,Motorcycle; Three Wheeler,18-25,0,3,Low
Wellawatte Junction,2025-10-29,07:09,Minor Injury,Multi-vehicle Collision,Distracted Driving,3,Bus; Lorry; Motorcycle,26-35,0,2,Low
Union Place Slave Island,2024-04-25,07:15,Serious Injury,Multi-vehicle Collision,Distracted Driving,3,Motorcycle; Car; Lorry,18-25,0,6,High
Ingurukade Junction,2023-10-07,18:50,Minor Injury,Single Vehicle Crash,Unsafe Lane Change,1,Car,46-55,0,3,Low
Galle Road Wellawatte,2025-02-20,09:01,Minor Injury,Motorcycle Collision,Unsafe Lane Change,4,Motorcycle; Bus; Van; Car,18-25,0,1,Moderate
Galle Road Wellawatte,2025-06-30,07:37,Serious Injury,Rear-end Collision,Pedestrian Negligence,2,Motorcycle; Three Wheeler,36-45,0,4,High
Union Place Borella,2025-11-09,22:10,Serious Injury,Head-on Collision,Driver Negligence,1,Three Wheeler,36-45,0,5,High
Hulftsdorp Junction,2025-05-22,08:25,Serious Injury,Head-on Collision,Failure to Yield,3,Three Wheeler; Motorcycle; Van,36-45,0,3,High
Bauddhaloka Mawatha Cinnamon Gardens,2024-04-15,09:23,Minor Injury,Motorcycle Collision,Overspeeding,2,Motorcycle; Car,46-55,0,1,Low
"Junction of D R Wijewardena Mawatha and Norris Canal Road, Colombo 10",2024-07-19,01:53,Serious Injury,Pedestrian Collision,Unsafe Lane Change,2,Motorcycle; Car,36-45,0,6,High
High Level Road Kirulapone,2025-02-27,03:54,Minor Injury,Single Vehicle Crash,Driver Negligence,1,Lorry,18-25,0,1,Low
Fort Railway Station Area,2025-03-18,19:23,Serious Injury,Side-impact Collision,Unsafe Lane Change,2,Motorcycle; Car,18-25,0,2,High
Madampitiya Road,2024-05-30,16:59,Minor Injury,Rear-end Collision,Driver Negligence,4,Car; Motorcycle; Bicycle; Three Wheeler,26-35,0,1,Low
Marine Drive Kollupitiya,2024-01-17,15:02,Serious Injury,Pedestrian Collision,Distracted Driving,2,Motorcycle; Three Wheeler,56+,0,3,Moderate
Hulftsdorp Junction,2024-02-12,17:14,Serious Injury,Pedestrian Collision,Pedestrian Negligence,2,Motorcycle; Three Wheeler,18-25,0,3,High
Borella Junction,2022-03-09,00:12,Minor Injury,Side-impact Collision,Driver Negligence,1,Bicycle,36-45,0,2,Low
Kirulapone Junction,2024-08-21,11:24,Serious Injury,Rear-end Collision,Overspeeding,3,Van; Three Wheeler; Bicycle,56+,0,4,High
Modara Junction,2024-11-17,16:46,Fatal,Head-on Collision,Distracted Driving,2,Three Wheeler; Motorcycle,36-45,2,4,High
Lotus Road Colombo 01,2022-10-19,11:09,Minor Injury,Side-impact Collision,Reckless Driving,2,Three Wheeler; Bicycle,18-25,0,2,Low
Fort Railway Station Area,2023-09-02,08:19,Fatal,Multi-vehicle Collision,Reckless Driving,4,Three Wheeler; Car; Motorcycle; Van,36-45,1,3,High
Union Place Borella,2023-01-12,17:02,Serious Injury,Side-impact Collision,Distracted Driving,2,Three Wheeler; Bus,36-45,0,2,Moderate
Second Cross Street Pettah,2023-11-04,13:11,Serious Injury,Multi-vehicle Collision,Unsafe Lane Change,4,Bicycle; Van; Car; Three Wheeler,36-45,0,4,Moderate
Baseline Road Borella,2025-10-20,23:12,Minor Injury,Rear-end Collision,Distracted Driving,1,Motorcycle,36-45,0,1,Moderate
Town Hall Area,2022-11-08,17:38,Minor Injury,Pedestrian Collision,Driver Negligence,1,Motorcycle,46-55,0,2,Low
Madampitiya Road,2025-05-17,15:21,Minor Injury,Head-on Collision,Unsafe Lane Change,1,Van,46-55,0,3,Moderate
Dematagoda Junction,2025-07-19,17:27,Fatal,Side-impact Collision,Poor Visibility,2,Motorcycle; Three Wheeler,36-45,1,5,Low
Colombo 07 Junction,2024-10-08,07:53,Serious Injury,Side-impact Collision,Driver Negligence,1,Three Wheeler,26-35,0,2,Moderate
Pamankada Junction,2024-11-15,18:48,Minor Injury,Single Vehicle Crash,Driver Negligence,1,Three Wheeler,18-25,0,3,Low
Hulftsdorp Junction,2024-09-21,08:59,Minor Injury,Motorcycle Collision,Reckless Driving,2,Motorcycle; Three Wheeler,26-35,0,2,Moderate
Bambalapitiya Junction,2023-02-28,09:51,Minor Injury,Pedestrian Collision,Distracted Driving,2,Three Wheeler; Lorry,56+,0,1,Moderate
Kochchikade Junction,2025-04-08,14:45,Minor Injury,Rear-end Collision,Driver Negligence,2,Bicycle; Car,18-25,0,2,Moderate
"Junction of Havelock Road and Jawatte Road, Colombo 05",2022-11-12,10:44,Minor Injury,Rear-end Collision,Overspeeding,1,Bus,46-55,0,2,High
Narahenpita Junction,2022-09-02,20:30,Minor Injury,Motorcycle Collision,Reckless Driving,2,Motorcycle; Car,56+,0,3,High
Armour Street Pettah,2025-05-06,20:28,Minor Injury,Side-impact Collision,Driver Negligence,2,Motorcycle; Bicycle,46-55,0,4,Low
Galle Road Wellawatte,2023-02-11,09:53,Serious Injury,Rear-end Collision,Reckless Driving,1,Motorcycle,36-45,0,4,High
"Junction of D S Senanayake Mawatha and Gnanartha Pradeepa Mawatha, Colombo 08",2023-11-18,20:13,Minor Injury,Motorcycle Collision,Reckless Driving,2,Motorcycle; Bicycle,36-45,0,1,Low
Mutwal Road Mutwal,2025-10-29,00:05,Serious Injury,Single Vehicle Crash,Overspeeding,1,Motorcycle,46-55,0,4,High
Bambalapitiya Junction,2022-09-02,21:42,Minor Injury,Side-impact Collision,Mechanical Failure,1,Motorcycle,18-25,0,2,Low
Rawatawatte Junction,2025-11-24,12:42,Serious Injury,Side-impact Collision,Pedestrian Negligence,2,Bicycle; Motorcycle,18-25,0,3,Moderate
Duplication Road Bambalapitiya,2023-09-18,09:26,Serious Injury,Motorcycle Collision,Poor Visibility,2,Motorcycle; Van,26-35,0,3,High
T B Jayah Mawatha Maradana,2023-09-02,02:18,Minor Injury,Pedestrian Collision,Drunk Driving,1,Motorcycle,26-35,0,2,Low
Liberty Plaza Area,2022-03-30,08:21,Minor Injury,Rear-end Collision,Distracted Driving,3,Motorcycle; Three Wheeler; Bus,26-35,0,1,Low
Pettah Clock Tower Area,2023-06-26,05:17,Minor Injury,Rear-end Collision,Pedestrian Negligence,1,Three Wheeler,26-35,0,1,Low
Pettah Clock Tower Area,2024-12-02,18:35,Fatal,Head-on Collision,Reckless Driving,2,Motorcycle; Car,46-55,2,2,Moderate
Bauddhaloka Mawatha Cinnamon Gardens,2022-10-12,17:45,Serious Injury,Multi-vehicle Collision,Overspeeding,4,Three Wheeler; Motorcycle; Lorry; Van,46-55,0,3,High
Messenger Street Pettah,2023-06-05,09:09,Serious Injury,Rear-end Collision,Overspeeding,1,Three Wheeler,18-25,0,3,High
Bauddhaloka Mawatha Cinnamon Gardens,2024-03-03,15:15,Minor Injury,Multi-vehicle Collision,Driver Negligence,2,Lorry; Three Wheeler,26-35,0,2,Low
Union Place Slave Island,2025-02-18,13:38,Fatal,Motorcycle Collision,Reckless Driving,4,Motorcycle; Three Wheeler; Lorry; Car,36-45,2,3,High
Havelock Town Junction,2025-06-26,16:01,Fatal,Rear-end Collision,Reckless Driving,1,Car,18-25,1,3,High
Bambalapitiya Junction,2025-04-15,09:04,Minor Injury,Pedestrian Collision,Unsafe Lane Change,2,Bicycle; Three Wheeler,26-35,0,2,Low
"No. 34 Kirula Road, Borella, Colombo 08",2025-08-28,18:01,Minor Injury,Single Vehicle Crash,Poor Visibility,1,Bicycle,36-45,0,4,High
Pamankada Junction,2024-10-30,18:25,Minor Injury,Rear-end Collision,Reckless Driving,1,Three Wheeler,26-35,0,2,Moderate
Rathmalana Junction,2022-12-27,08:12,Minor Injury,Rear-end Collision,Unsafe Lane Change,1,Lorry,46-55,0,1,High
Bauddhaloka Mawatha Cinnamon Gardens,2024-11-12,09:11,Minor Injury,Motorcycle Collision,Driver Negligence,3,Motorcycle; Three Wheeler; Lorry,18-25,0,1,Moderate
Fort Railway Station Area,2024-11-05,15:12,Serious Injury,Single Vehicle Crash,Overspeeding,1,Van,26-35,0,4,High
Maradana Junction,2022-09-14,19:54,Serious Injury,Pedestrian Collision,Unsafe Lane Change,1,Motorcycle,18-25,0,5,Moderate
Madampitiya Road,2024-08-06,13:50,Minor Injury,Side-impact Collision,Mechanical Failure,2,Three Wheeler; Motorcycle,18-25,0,1,High
Bambalapitiya Junction,2025-02-14,09:36,Minor Injury,Pedestrian Collision,Overspeeding,1,Motorcycle,26-35,0,2,Moderate
Marine Drive Kollupitiya,2022-11-28,13:12,Minor Injury,Pedestrian Collision,Driver Negligence,1,Motorcycle,18-25,0,2,Low
Armour Street Junction,2024-08-16,11:23,Serious Injury,Side-impact Collision,Reckless Driving,2,Three Wheeler; Motorcycle,36-45,0,3,Low
Borella Junction,2022-11-19,06:14,Serious Injury,Side-impact Collision,Overspeeding,3,Three Wheeler; Lorry; Van,18-25,0,2,High
High Level Road Kirulapone,2023-06-04,18:17,Minor Injury,Pedestrian Collision,Driver Fatigue,2,Motorcycle; Car,18-25,0,1,Low
Baseline Road Borella,2025-10-24,09:52,Minor Injury,Rear-end Collision,Driver Negligence,3,Car; Motorcycle; Van,26-35,0,4,Low
Galle Road Rathmalana,2023-10-15,22:18,Minor Injury,Motorcycle Collision,Driver Fatigue,2,Motorcycle; Bus,46-55,0,3,Moderate
"No. 05 Sirimavo Bandaranaike Mawatha, Grandpass, Colombo 14",2025-01-06,23:52,Minor Injury,Motorcycle Collision,Reckless Driving,2,Motorcycle; Car,46-55,0,1,Low
Union Place Slave Island,2025-04-29,19:57,Minor Injury,Pedestrian Collision,Poor Visibility,2,Motorcycle; Three Wheeler,46-55,0,2,Moderate
Bambalapitiya Junction,2022-12-20,07:26,Serious Injury,Side-impact Collision,Driver Negligence,1,Three Wheeler,26-35,0,2,High
Dematagoda Junction,2025-10-03,18:18,Minor Injury,Motorcycle Collision,Reckless Driving,1,Motorcycle,18-25,0,2,Low
Bauddhaloka Mawatha Cinnamon Gardens,2022-04-09,10:29,Minor Injury,Rear-end Collision,Reckless Driving,2,Three Wheeler; Van,26-35,0,2,Low
Kollupitiya Railway Station Area,2022-04-06,09:41,Minor Injury,Pedestrian Collision,Driver Negligence,1,Car,26-35,0,2,High
D R Wijewardena Mawatha Dematagoda,2025-08-20,07:30,Serious Injury,Motorcycle Collision,Unsafe Lane Change,4,Motorcycle; Van; Bicycle; Bus,36-45,0,5,High
"Junction of Olcott Mawatha and Sea Street, Colombo 11",2023-04-12,07:47,Serious Injury,Side-impact Collision,Driver Negligence,2,Motorcycle; Car,18-25,0,4,High
Liberty Plaza Area,2025-07-29,12:35,Minor Injury,Side-impact Collision,Reckless Driving,1,Car,46-55,0,1,High
High Level Road Kirulapone,2025-11-21,18:57,Minor Injury,Multi-vehicle Collision,Distracted Driving,4,Three Wheeler; Bicycle; Motorcycle; Car,46-55,0,1,Moderate
Bauddhaloka Mawatha Cinnamon Gardens,2024-10-02,22:08,Minor Injury,Multi-vehicle Collision,Overspeeding,3,Three Wheeler; Van; Motorcycle,56+,0,2,Low
"Junction of Main Street and First Cross Street, Pettah, Colombo 11",2025-12-23,16:16,Minor Injury,Motorcycle Collision,Reckless Driving,2,Motorcycle; Bus,56+,0,3,Low
"Junction of Union Place and Kumaran Ratnam Road, Colombo 02",2025-02-09,16:20,Minor Injury,Side-impact Collision,Overspeeding,2,Bus; Car,26-35,0,2,Moderate
Havelock Town Junction,2022-02-10,17:31,Minor Injury,Single Vehicle Crash,Driver Negligence,1,Motorcycle,46-55,0,4,Low
Havelock Town Junction,2024-03-23,21:15,Minor Injury,Single Vehicle Crash,Overspeeding,1,Three Wheeler,26-35,0,2,Moderate
Udahamulla Junction,2025-04-29,08:48,Serious Injury,Rear-end Collision,Mechanical Failure,1,Three Wheeler,46-55,0,4,Low
Armour Street Junction,2024-10-21,18:03,Fatal,Rear-end Collision,Unsafe Lane Change,1,Three Wheeler,18-25,1,3,High
Torrington Avenue Colombo 07,2025-08-09,19:45,Minor Injury,Single Vehicle Crash,Driver Negligence,1,Car,26-35,0,2,Low
Nelum Pokuna Area,2022-09-27,14:03,Minor Injury,Pedestrian Collision,Reckless Driving,1,Three Wheeler,26-35,0,1,Moderate
Armour Street Junction,2024-07-02,14:27,Serious Injury,Rear-end Collision,Overspeeding,2,Car; Lorry,36-45,0,6,High
Colombo 07 Junction,2025-12-30,18:11,Minor Injury,Rear-end Collision,Distracted Driving,2,Three Wheeler; Motorcycle,26-35,0,2,High
Sir Chittampalam A Gardiner Mawatha Fort,2022-11-24,08:48,Fatal,Multi-vehicle Collision,Driver Negligence,4,Three Wheeler; Motorcycle; Lorry; Bicycle,26-35,1,3,High
Mattakkuliya Junction,2025-05-10,08:55,Minor Injury,Side-impact Collision,Overspeeding,4,Motorcycle; Car; Three Wheeler; Bicycle,36-45,0,2,High
Baseline Road Borella,2025-07-16,11:37,Serious Injury,Motorcycle Collision,Driver Negligence,4,Motorcycle; Car; Bus; Bicycle,36-45,0,2,High
Kotahena Junction,2024-12-09,19:57,Minor Injury,Side-impact Collision,Distracted Driving,4,Motorcycle; Car; Three Wheeler; Bus,18-25,0,4,Low
Colombo 07 Junction,2025-04-06,15:02,Minor Injury,Motorcycle Collision,Unsafe Lane Change,2,Motorcycle; Three Wheeler,36-45,0,1,Low
Bauddhaloka Mawatha Cinnamon Gardens,2025-07-03,07:46,Minor Injury,Rear-end Collision,Driver Negligence,2,Motorcycle; Three Wheeler,36-45,0,3,High
Borella Junction,2023-03-13,10:46,Minor Injury,Motorcycle Collision,Driver Negligence,4,Motorcycle; Car; Bus; Van,26-35,0,2,Low
Kochchikade Junction,2022-10-24,05:13,Fatal,Single Vehicle Crash,Reckless Driving,1,Motorcycle,26-35,1,1,High
Borella Police Area,2024-01-22,07:34,Minor Injury,Pedestrian Collision,Reckless Driving,2,Motorcycle; Bicycle,18-25,0,2,Moderate
"Junction of Galle Road and Kawdana Road, Wellawatte, Colombo 06",2025-08-09,17:22,Minor Injury,Motorcycle Collision,Unsafe Lane Change,3,Motorcycle; Bicycle; Car,26-35,0,2,Moderate
Pettah Clock Tower Area,2023-10-17,14:03,Serious Injury,Rear-end Collision,Distracted Driving,1,Motorcycle,26-35,0,4,High
Hulftsdorp Junction,2023-10-14,20:44,Minor Injury,Multi-vehicle Collision,Distracted Driving,3,Three Wheeler; Bus; Car,56+,0,1,Moderate
Havelock Town Junction,2024-02-02,14:11,Serious Injury,Single Vehicle Crash,Overspeeding,1,Three Wheeler,46-55,0,4,High
"Junction of Havelock Road and Thimbirigasyaya Road, Colombo 05",2025-09-12,21:50,Minor Injury,Side-impact Collision,Reckless Driving,2,Van; Bus,36-45,0,4,Low
Sir Chittampalam A Gardiner Mawatha Fort,2023-12-24,11:52,Serious Injury,Side-impact Collision,Driver Negligence,2,Motorcycle; Three Wheeler,36-45,0,2,High
High Level Road Kirulapone,2022-06-16,09:13,Minor Injury,Side-impact Collision,Driver Negligence,1,Car,56+,0,4,Moderate
High Level Road Kirulapone,2022-06-04,01:57,Serious Injury,Single Vehicle Crash,Overspeeding,1,Van,36-45,0,5,Moderate
Fort Railway Station Area,2024-01-26,12:09,Minor Injury,Motorcycle Collision,Driver Negligence,2,Motorcycle; Car,36-45,0,3,Low
Reid Avenue Colombo 07,2022-07-06,07:08,Minor Injury,Multi-vehicle Collision,Failure to Yield,4,Three Wheeler; Bicycle; Van; Motorcycle,36-45,0,1,Low
Borella Junction,2023-07-29,11:11,Minor Injury,Rear-end Collision,Overspeeding,2,Lorry; Motorcycle,26-35,0,4,High
Pettah Market Area,2024-07-01,07:05,Minor Injury,Multi-vehicle Collision,Driver Fatigue,4,Van; Three Wheeler; Bicycle; Motorcycle,46-55,0,2,Moderate
Fort Railway Station Area,2024-09-25,18:51,Serious Injury,Motorcycle Collision,Reckless Driving,2,Motorcycle; Bus,18-25,0,3,High
Havelock Town Junction,2024-02-03,12:31,Minor Injury,Motorcycle Collision,Reckless Driving,2,Motorcycle; Car,26-35,0,1,High
Nugegoda Town,2024-09-20,10:19,Minor Injury,Motorcycle Collision,Unsafe Lane Change,3,Motorcycle; Bicycle; Car,36-45,0,3,Low
Sea Street Kotahena,2024-03-31,11:44,Minor Injury,Side-impact Collision,Overspeeding,4,Motorcycle; Van; Three Wheeler; Car,26-35,0,2,Moderate
Messenger Street Pettah,2023-06-24,18:59,Minor Injury,Side-impact Collision,Driver Fatigue,1,Bicycle,26-35,0,1,High
Independence Square Area,2024-04-11,19:15,Minor Injury,Rear-end Collision,Failure to Yield,2,Bus; Motorcycle,18-25,0,3,Moderate
Mahanama College Junction,2024-04-23,05:06,Fatal,Multi-vehicle Collision,Driver Fatigue,2,Car; Bus,18-25,2,7,High
Duplication Road Bambalapitiya,2024-01-06,17:41,Minor Injury,Rear-end Collision,Overspeeding,2,Car; Motorcycle,36-45,0,2,Low
Union Place,2024-08-23,13:10,Serious Injury,Head-on Collision,Reckless Driving,2,Motorcycle; Car,26-35,0,2,High
Sea Street Kotahena,2025-11-20,21:07,Minor Injury,Rear-end Collision,Driver Negligence,1,Bicycle,18-25,0,3,Moderate
Slave Island Junction,2025-09-23,21:24,Serious Injury,Rear-end Collision,Overspeeding,1,Bicycle,46-55,0,4,High
Borella Junction,2023-05-26,23:12,Minor Injury,Pedestrian Collision,Unsafe Lane Change,2,Three Wheeler; Car,46-55,0,2,Low
Grandpass Junction,2024-12-11,04:38,Minor Injury,Multi-vehicle Collision,Driver Negligence,3,Car; Motorcycle; Three Wheeler,26-35,0,2,Moderate
Bambalapitiya Railway Station Area,2024-12-24,07:33,Minor Injury,Motorcycle Collision,Pedestrian Negligence,4,Motorcycle; Bus; Car; Three Wheeler,26-35,0,3,Low
D R Wijewardena Mawatha Dematagoda,2024-12-12,13:30,Minor Injury,Side-impact Collision,Poor Visibility,4,Car; Motorcycle; Three Wheeler; Bus,26-35,0,3,Low
Mattakkuliya Junction,2024-04-12,10:48,Minor Injury,Motorcycle Collision,Driver Negligence,2,Motorcycle; Lorry,46-55,0,1,Low
Baseline Road Borella,2022-10-26,19:53,Minor Injury,Multi-vehicle Collision,Overspeeding,4,Three Wheeler; Van; Bicycle; Motorcycle,26-35,0,1,Low
Pettah Clock Tower Area,2023-07-17,16:56,Minor Injury,Pedestrian Collision,Unsafe Lane Change,2,Motorcycle; Three Wheeler,36-45,0,1,Moderate
Borella Junction,2023-07-30,21:26,Minor Injury,Side-impact Collision,Reckless Driving,2,Van; Bicycle,36-45,0,1,High
Maradana Junction,2024-12-31,12:42,Minor Injury,Rear-end Collision,Reckless Driving,3,Lorry; Three Wheeler; Motorcycle,36-45,0,3,Moderate
Pettah Clock Tower Area,2022-12-22,14:18,Serious Injury,Rear-end Collision,Distracted Driving,2,Car; Bicycle,36-45,0,4,High
High Level Road Kirulapone,2024-07-23,09:13,Fatal,Head-on Collision,Reckless Driving,1,Van,18-25,2,3,High
Maradana Junction,2025-09-25,17:14,Fatal,Single Vehicle Crash,Driver Fatigue,1,Lorry,26-35,1,1,High
High Level Road Kirulapone,2025-05-05,07:46,Minor Injury,Multi-vehicle Collision,Failure to Yield,3,Three Wheeler; Lorry; Motorcycle,36-45,0,2,Low
Sir Chittampalam A Gardiner Mawatha Fort,2024-02-28,03:34,Serious Injury,Motorcycle Collision,Pedestrian Negligence,2,Motorcycle; Lorry,36-45,0,6,High
Grandpass Junction,2025-09-25,17:18,Minor Injury,Multi-vehicle Collision,Reckless Driving,4,Motorcycle; Three Wheeler; Car; Bicycle,26-35,0,4,Moderate
Mattakkuliya Junction,2025-08-23,19:58,Minor Injury,Rear-end Collision,Driver Fatigue,4,Three Wheeler; Bus; Motorcycle; Lorry,18-25,0,4,Low
Kollupitiya Railway Station Area,2025-10-16,21:16,Minor Injury,Rear-end Collision,Driver Negligence,3,Motorcycle; Three Wheeler; Car,18-25,0,2,Low
Pettah Market Area,2024-01-27,19:52,Minor Injury,Rear-end Collision,Unsafe Lane Change,2,Car; Motorcycle,36-45,0,1,Moderate
Borella Junction,2024-06-29,07:18,Fatal,Motorcycle Collision,Reckless Driving,2,Motorcycle; Bicycle,18-25,1,4,Moderate
Bambalapitiya Railway Station Area,2022-07-29,20:22,Minor Injury,Motorcycle Collision,Driver Negligence,2,Motorcycle; Van,18-25,0,3,High
Sir Chittampalam A Gardiner Mawatha Fort,2024-05-02,07:11,Minor Injury,Rear-end Collision,Reckless Driving,4,Lorry; Motorcycle; Three Wheeler; Car,18-25,0,2,Low
Union Place,2025-05-13,22:34,Minor Injury,Single Vehicle Crash,Reckless Driving,1,Motorcycle,18-25,0,4,Low
Wellawatte Junction,2023-11-12,09:07,Fatal,Rear-end Collision,Overspeeding,1,Three Wheeler,26-35,1,1,Moderate
Galle Road Fort,2022-01-29,09:09,Serious Injury,Side-impact Collision,Overspeeding,1,Car,26-35,0,5,High
Thalawathugoda Junction,2025-02-10,08:44,Fatal,Side-impact Collision,Distracted Driving,1,Motorcycle,26-35,1,2,High
"No. 102 Galle Road, Wellawatte, Colombo 06",2025-10-28,14:51,Serious Injury,Multi-vehicle Collision,Driver Fatigue,4,Car; Bus; Motorcycle; Three Wheeler,46-55,0,6,High
"Junction of Maliban Junction and Old Galle Road, Rathmalana",2025-09-29,20:45,Minor Injury,Pedestrian Collision,Failure to Yield,2,Motorcycle; Three Wheeler,26-35,0,1,High
Mattakkuliya Junction,2022-08-30,16:50,Minor Injury,Pedestrian Collision,Overspeeding,2,Motorcycle; Car,26-35,0,1,Low
"Junction of Baseline Road and D R Wijewardena Mawatha, Colombo 09",2024-10-06,08:38,Minor Injury,Head-on Collision,Unsafe Lane Change,3,Bicycle; Motorcycle; Three Wheeler,26-35,0,1,Low
Dematagoda Junction,2023-03-16,19:00,Serious Injury,Pedestrian Collision,Mechanical Failure,2,Motorcycle; Three Wheeler,46-55,0,6,High