Location,Date of Accident,Time of Accident,Accident Severity,Collision Type,Cause of Accident,Number of Vehicles,Vehicle Types,Driver Age Group,Number of Fatalities,Number of Injuries,Property Damage Level
T B Jayah Mawatha Maradana,2024-06-22,17:56,Minor Injury,Pedestrian Collision,Poor Visibility,1,Motorcycle,56+,0,1,Low
Wellawatte Junction,2022-12-13,06:23,Minor Injury,Rear-end Collision,Driver Negligence,1,Motorcycle,26-35,0,4,Moderate
Maradana Junction,2024-06-07,16:45,Fatal,Multi-vehicle Collision,Drunk Driving,4,Three Wheeler; Motorcycle; Car; Bicycle,18-25,2,8,High
Maradana Railway Station Area,2022-06-26,14:04,Minor Injury,Pedestrian Collision,Driver Negligence,2,Car; Bicycle,26-35,0,2,Low
Bambalapitiya Junction,2022-03-30,23:15,Minor Injury,Pedestrian Collision,Overspeeding,1,Lorry,18-25,0,2,Moderate
Galle Road Fort,2025-02-27,08:36,Serious Injury,Side-impact Collision,Reckless Driving,2,Three Wheeler; Van,26-35,0,6,High
Wellawatte Junction,2025-07-27,19:29,Minor Injury,Side-impact Collision,Poor Visibility,2,Van; Three Wheeler,46-55,0,3,Low
Bauddhaloka Mawatha Havelock Town,2023-05-13,16:11,Serious Injury,Single Vehicle Crash,Drunk Driving,1,Car,36-45,0,5,Moderate
Kollupitiya Junction,2025-06-13,07:04,Serious Injury,Motorcycle Collision,Reckless Driving,2,Motorcycle; Bus,36-45,0,6,Moderate
Maradana Junction,2024-11-17,21:01,Minor Injury,Motorcycle Collision,Driver Negligence,2,Motorcycle; Car,18-25,0,3,Low
Armour Street Junction,2023-05-16,19:57,Minor Injury,Multi-vehicle Collision,Driver Negligence,3,Three Wheeler; Bicycle; Lorry,46-55,0,1,Moderate
Battaramulla Town,2024-09-17,08:52,Minor Injury,Head-on Collision,Driver Negligence,2,Car; Motorcycle,18-25,0,3,Low
Dematagoda Junction,2025-12-07,19:33,Minor Injury,Rear-end Collision,Driver Negligence,2,Car; Van,56+,0,3,Low
Sir Chittampalam A Gardiner Mawatha Fort,2025-01-14,13:11,Serious Injury,Rear-end Collision,Unsafe Lane Change,2,Motorcycle; Car,56+,0,2,High
Mattakkuliya Junction,2025-11-06,17:03,Minor Injury,Motorcycle Collision,Driver Negligence,2,Motorcycle; Van,18-25,0,3,High
Wellawatte Junction,2024-11-01,09:49,Minor Injury,Rear-end Collision,Poor Visibility,3,Motorcycle; Three Wheeler; Car,18-25,0,4,Moderate
Sea Street Kotahena,2023-12-21,16:25,Minor Injury,Pedestrian Collision,Unsafe Lane Change,2,Motorcycle; Three Wheeler,46-55,0,1,Low
Maradana Railway Station Area,2022-02-19,14:28,Serious Injury,Side-impact Collision,Distracted Driving,1,Three Wheeler,56+,0,6,High
High Level Road Kirulapone,2023-11-06,09:34,Minor Injury,Multi-vehicle Collision,Overspeeding,3,Motorcycle; Bus; Lorry,46-55,0,3,Moderate
"No. 55 Dharmapala Mawatha, Colombo 07",2025-10-08,07:41,Minor Injury,Motorcycle Collision,Distracted Driving,2,Motorcycle; Bicycle,46-55,0,1,Moderate
Sea Street Pettah,2025-07-21,07:31,Serious Injury,Rear-end Collision,Overspeeding,2,Bus; Car,18-25,0,5,Low
Panchikawatte,2022-06-17,10:23,Minor Injury,Pedestrian Collision,Driver Fatigue,1,Motorcycle,18-25,0,1,Moderate
Union Place Slave Island,2022-10-31,19:51,Minor Injury,Single Vehicle Crash,Distracted Driving,1,Three Wheeler,36-45,0,4,Low
Ibbanwala Junction,2025-03-04,18:39,Minor Injury,Motorcycle Collision,Driver Negligence,3,Motorcycle; Car; Bicycle,46-55,0,3,Low
Sri Jayawardenepura Kotte Junction,2023-09-02,21:43,Minor Injury,Rear-end Collision,Poor Visibility,1,Car,26-35,0,2,Low
Sir Chittampalam A Gardiner Mawatha Fort,2025-02-20,07:50,Minor Injury,Rear-end Collision,Unsafe Lane Change,2,Lorry; Three Wheeler,26-35,0,2,Low
Union Place,2023-04-28,22:05,Minor Injury,Rear-end Collision,Driver Negligence,1,Van,18-25,0,3,High
High Level Road Kirulapone,2025-02-28,04:26,Serious Injury,Multi-vehicle Collision,Reckless Driving,3,Motorcycle; Car; Bicycle,36-45,0,4,High
Slave Island Junction,2022-05-30,08:21,Serious Injury,Rear-end Collision,Distracted Driving,2,Three Wheeler; Motorcycle,18-25,0,2,Moderate
Galle Road Kollupitiya,2023-08-05,17:09,Minor Injury,Multi-vehicle Collision,Reckless Driving,3,Car; Three Wheeler; Motorcycle,18-25,0,2,Low
Mattakkuliya Junction,2024-01-01,18:36,Serious Injury,Motorcycle Collision,Distracted Driving,4,Motorcycle; Bicycle; Three Wheeler; Van,36-45,0,3,High
Duplication Road Bambalapitiya,2025-03-08,07:23,Serious Injury,Single Vehicle Crash,Reckless Driving,1,Lorry,26-35,0,2,High
Ibbanwala Junction,2025-02-23,08:01,Fatal,Multi-vehicle Collision,Driver Fatigue,4,Lorry; Motorcycle; Bicycle; Van,26-35,2,4,Moderate
Beira Lake Road Colombo 02,2025-11-07,08:47,Minor Injury,Pedestrian Collision,Overspeeding,1,Motorcycle,26-35,0,2,Low
Maradana Junction,2024-03-24,16:46,Minor Injury,Multi-vehicle Collision,Overspeeding,3,Car; Motorcycle; Three Wheeler,26-35,0,2,Low
Pettah Market Area,2022-12-01,11:08,Minor Injury,Rear-end Collision,Reckless Driving,2,Motorcycle; Car,18-25,0,3,Low
Duplication Road Bambalapitiya,2024-10-06,23:28,Serious Injury,Side-impact Collision,Driver Negligence,2,Bus; Car,18-25,0,2,High
"Junction of De Saram Road and Hospital Road, Dehiwela",2022-10-02,19:53,Minor Injury,Multi-vehicle Collision,Overspeeding,3,Three Wheeler; Van; Lorry,26-35,0,2,Moderate
Sea Street Kotahena,2023-01-01,22:59,Minor Injury,Single Vehicle Crash,Driver Negligence,1,Three Wheeler,36-45,0,1,Low
Narahenpita Junction,2024-11-30,12:55,Minor Injury,Pedestrian Collision,Driver Negligence,1,Lorry,26-35,0,1,Low
Borella Junction,2025-09-23,21:22,Minor Injury,Motorcycle Collision,Reckless Driving,2,Motorcycle; Bicycle,26-35,0,2,Low
Maya Avenue Junction,2024-02-03,09:15,Minor Injury,Pedestrian Collision,Poor Visibility,1,Motorcycle,26-35,0,2,Moderate
Union Place Slave Island,2025-05-07,09:53,Serious Injury,Multi-vehicle Collision,Driver Negligence,2,Three Wheeler; Van,26-35,0,2,Moderate
Borella Junction,2024-12-21,07:19,Minor Injury,Rear-end Collision,Driver Fatigue,2,Bicycle; Three Wheeler,36-45,0,3,Moderate
Mattakkuliya Junction,2022-11-18,18:14,Serious Injury,Rear-end Collision,Distracted Driving,1,Car,18-25,0,2,Low
High Level Road Maharagama,2022-10-20,07:28,Minor Injury,Rear-end Collision,Distracted Driving,1,Motorcycle,26-35,0,3,Low
Havelock Place Area,2024-03-30,18:21,Serious Injury,Motorcycle Collision,Unsafe Lane Change,2,Motorcycle; Car,26-35,0,6,High
Fort Railway Station Area,2023-10-29,12:17,Minor Injury,Motorcycle Collision,Distracted Driving,3,Motorcycle; Lorry; Car,56+,0,2,Moderate
Sea Street Kotahena,2025-11-12,03:40,Minor Injury,Rear-end Collision,Driver Negligence,1,Car,18-25,0,1,Low
Grandpass Junction,2024-12-26,13:51,Minor Injury,Side-impact Collision,Unsafe Lane Change,2,Bus; Bicycle,26-35,0,1,Low
Darley Road Cinnamon Gardens,2025-02-24,06:40,Minor Injury,Pedestrian Collision,Driver Negligence,2,Bus; Motorcycle,36-45,0,1,Low
Madampitiya Road,2024-02-25,20:18,Serious Injury,Motorcycle Collision,Driver Fatigue,2,Motorcycle; Bicycle,46-55,0,2,High
"No. 09 Station Road, Maharagama",2024-12-26,11:14,Minor Injury,Pedestrian Collision,Distracted Driving,1,Motorcycle,18-25,0,1,Moderate
Fort Railway Station Area,2024-06-20,17:32,Minor Injury,Motorcycle Collision,Poor Visibility,4,Motorcycle; Bus; Three Wheeler; Bicycle,46-55,0,2,Low
Baseline Road Borella,2023-02-23,17:14,Fatal,Motorcycle Collision,Driver Negligence,4,Motorcycle; Van; Three Wheeler; Bicycle,26-35,2,6,High
Bambalapitiya Railway Station Area,2025-01-06,09:47,Minor Injury,Multi-vehicle Collision,Driver Negligence,3,Three Wheeler; Car; Motorcycle,26-35,0,1,Moderate
Union Place,2025-04-17,08:51,Serious Injury,Side-impact Collision,Driver Negligence,1,Car,18-25,0,5,High
Maharagama Junction,2024-10-21,22:49,Serious Injury,Single Vehicle Crash,Driver Negligence,1,Motorcycle,26-35,0,4,High
Wellawatte Junction,2023-08-18,05:40,Minor Injury,Rear-end Collision,Driver Fatigue,1,Lorry,18-25,0,4,Low
Pettah Clock Tower Area,2023-05-31,02:18,Minor Injury,Rear-end Collision,Driver Fatigue,2,Motorcycle; Car,18-25,0,3,Low
"No. 56 Baseline Road, Dematagoda, Colombo 09",2024-11-22,09:30,Serious Injury,Single Vehicle Crash,Driver Negligence,1,Lorry,56+,0,6,High
Liberty Plaza Area,2025-08-25,22:00,Serious Injury,Pedestrian Collision,Distracted Driving,2,Car; Van,36-45,0,3,High
Hulftsdorp Junction,2022-05-07,23:21,Fatal,Side-impact Collision,Driver Fatigue,2,Bicycle; Three Wheeler,56+,1,1,High
Panchikawatte,2023-05-14,09:58,Serious Injury,Motorcycle Collision,Overspeeding,2,Motorcycle; Car,18-25,0,3,Moderate
Dematagoda Junction,2024-03-23,09:39,Minor Injury,Single Vehicle Crash,Driver Negligence,1,Car,18-25,0,2,Low
Dematagoda Junction,2025-06-16,17:18,Minor Injury,Motorcycle Collision,Overspeeding,2,Motorcycle; Three Wheeler,36-45,0,1,Low
Bambalapitiya Junction,2023-08-06,12:43,Minor Injury,Pedestrian Collision,Reckless Driving,2,Three Wheeler; Motorcycle,26-35,0,2,Low
Liberty Plaza Area,2025-10-14,11:07,Minor Injury,Side-impact Collision,Driver Negligence,1,Bicycle,36-45,0,2,Low
Fort Railway Station Area,2022-07-03,17:07,Fatal,Side-impact Collision,Overspeeding,2,Three Wheeler; Car,56+,1,3,High
Sea Street Junction,2024-12-19,15:36,Minor Injury,Multi-vehicle Collision,Reckless Driving,2,Three Wheeler; Van,18-25,0,3,Moderate
Galle Road Fort,2025-02-19,19:46,Minor Injury,Multi-vehicle Collision,Driver Negligence,3,Car; Three Wheeler; Bus,36-45,0,3,Low
Narahenpita Junction,2025-12-05,18:55,Fatal,Side-impact Collision,Reckless Driving,2,Motorcycle; Three Wheeler,18-25,1,4,High
Bambalapitiya Junction,2022-02-08,01:19,Minor Injury,Multi-vehicle Collision,Reckless Driving,4,Car; Motorcycle; Bicycle; Three Wheeler,26-35,0,4,Low
Ibbanwala Junction,2025-05-08,09:05,Fatal,Rear-end Collision,Overspeeding,2,Motorcycle; Car,36-45,1,3,Low
D R Wijewardena Mawatha Fort,2024-06-07,08:22,Minor Injury,Multi-vehicle Collision,Distracted Driving,3,Three Wheeler; Bus; Car,46-55,0,1,Low
Kotahena Junction,2024-03-15,09:41,Minor Injury,Rear-end Collision,Overspeeding,1,Motorcycle,18-25,0,2,Low
"Junction of High Level Road and Pagoda Road, Nugegoda",2024-04-14,18:27,Minor Injury,Rear-end Collision,Overspeeding,4,Three Wheeler; Van; Motorcycle; Car,36-45,0,2,Moderate
Kotahena Street Colombo 13,2024-01-28,21:18,Fatal,Rear-end Collision,Reckless Driving,2,Three Wheeler; Car,46-55,1,1,High
Kollupitiya Flyover Approach,2023-12-31,00:58,Minor Injury,Multi-vehicle Collision,Overspeeding,2,Three Wheeler; Motorcycle,18-25,0,2,Moderate
Wellawatte Junction,2022-03-05,04:45,Minor Injury,Head-on Collision,Unsafe Lane Change,2,Motorcycle; Bicycle,56+,0,4,Moderate
Liberty Plaza Area,2025-03-01,11:58,Minor Injury,Rear-end Collision,Driver Fatigue,2,Lorry; Car,36-45,0,3,Low
Wellawatte Junction,2025-01-18,19:09,Minor Injury,Multi-vehicle Collision,Failure to Yield,3,Three Wheeler; Bicycle; Car,36-45,0,2,Low
Mutwal Road Mutwal,2023-05-20,17:38,Serious Injury,Side-impact Collision,Driver Negligence,1,Three Wheeler,26-35,0,4,High
"Junction of Front Street and Dam Street, Colombo 12",2025-03-27,10:59,Fatal,Rear-end Collision,Overspeeding,2,Car; Three Wheeler,18-25,1,5,High
Bauddhaloka Mawatha Cinnamon Gardens,2023-11-17,07:59,Fatal,Motorcycle Collision,Failure to Yield,2,Motorcycle; Bus,26-35,1,3,Low
Union Place,2025-11-04,19:31,Minor Injury,Head-on Collision,Driver Fatigue,2,Bus; Motorcycle,18-25,0,2,Low
Havelock Town Junction,2022-04-09,21:40,Minor Injury,Pedestrian Collision,Reckless Driving,1,Motorcycle,18-25,0,2,Low
Union Place,2024-05-30,14:43,Minor Injury,Multi-vehicle Collision,Unsafe Lane Change,3,Bicycle; Van; Motorcycle,26-35,0,4,Low
Pamankada Junction,2023-11-07,16:23,Serious Injury,Side-impact Collision,Driver Fatigue,3,Motorcycle; Three Wheeler; Bus,36-45,0,4,High
Kochchikade Junction,2024-01-01,15:22,Minor Injury,Motorcycle Collision,Driver Negligence,3,Motorcycle; Car; Three Wheeler,36-45,0,2,Low
Liberty Plaza Area,2023-12-03,02:07,Minor Injury,Side-impact Collision,Distracted Driving,1,Van,46-55,0,3,High
Hulftsdorp Junction,2025-02-04,05:33,Minor Injury,Motorcycle Collision,Failure to Yield,2,Motorcycle; Bicycle,26-35,0,3,High
Borella Junction,2025-09-20,08:37,Minor Injury,Multi-vehicle Collision,Distracted Driving,4,Three Wheeler; Car; Van; Lorry,18-25,0,1,High
Union Place Borella,2025-01-06,04:37,Serious Injury,Motorcycle Collision,Failure to Yield,2,Motorcycle; Bicycle,18-25,0,3,High
D R Wijewardena Mawatha Fort,2022-11-15,17:34,Minor Injury,Rear-end Collision,Overspeeding,2,Van; Car,36-45,0,2,Low
Duplication Road Bambalapitiya,2023-02-01,07:31,Minor Injury,Pedestrian Collision,Mechanical Failure,2,Motorcycle; Three Wheeler,26-35,0,2,Moderate
Kotahena Junction,2024-05-26,17:13,Fatal,Head-on Collision,Overspeeding,1,Three Wheeler,26-35,1,2,High
High Level Road Kirulapone,2023-08-26,15:11,Minor Injury,Single Vehicle Crash,Driver Negligence,1,Van,26-35,0,1,Moderate
Pettah Market Area,2023-08-27,08:16,Minor Injury,Head-on Collision,Unsafe Lane Change,4,Car; Motorcycle; Three Wheeler; Van,26-35,0,4,Low
Maradana Junction,2025-08-29,23:47,Minor Injury,Pedestrian Collision,Distracted Driving,2,Motorcycle; Three Wheeler,18-25,0,2,High
High Level Road Kirulapone,2023-09-27,13:27,Serious Injury,Motorcycle Collision,Reckless Driving,1,Motorcycle,36-45,0,6,High
Thimbirigasyaya Junction,2022-09-15,19:20,Minor Injury,Single Vehicle Crash,Driver Negligence,1,Car,18-25,0,2,Low
Armour Street Junction,2025-08-21,19:47,Serious Injury,Multi-vehicle Collision,Reckless Driving,4,Car; Motorcycle; Three Wheeler; Bus,18-25,0,4,Moderate
Pettah Clock Tower Area,2022-05-13,08:36,Minor Injury,Pedestrian Collision,Overspeeding,1,Motorcycle,56+,0,1,Low
Galle Road Fort,2024-01-11,19:40,Minor Injury,Side-impact Collision,Driver Negligence,1,Bus,56+,0,2,Low
Pettah Market Area,2025-07-10,10:16,Minor Injury,Single Vehicle Crash,Reckless Driving,1,Motorcycle,56+,0,2,High
Ibbanwala Junction,2023-01-17,14:14,Minor Injury,Rear-end Collision,Overspeeding,1,Bus,36-45,0,3,Low
Ibbanwala Junction,2025-10-15,10:02,Minor Injury,Rear-end Collision,Driver Fatigue,1,Three Wheeler,26-35,0,1,High
Liberty Plaza Area,2023-11-05,12:14,Minor Injury,Motorcycle Collision,Poor Visibility,2,Motorcycle; Car,46-55,0,1,Moderate
Hulftsdorp Junction,2023-07-04,15:38,Minor Injury,Rear-end Collision,Driver Negligence,1,Motorcycle,18-25,0,2,Low
Kotahena Junction,2024-09-11,18:37,Minor Injury,Motorcycle Collision,Unsafe Lane Change,2,Motorcycle; Lorry,46-55,0,3,Low
Darley Road Cinnamon Gardens,2022-06-23,10:47,Minor Injury,Pedestrian Collision,Driver Negligence,1,Motorcycle,46-55,0,2,Low
Bambalapitiya Railway Station Area,2024-08-19,02:26,Minor Injury,Multi-vehicle Collision,Distracted Driving,3,Motorcycle; Car; Bicycle,26-35,0,2,High
Union Place Slave Island,2023-08-28,14:35,Minor Injury,Rear-end Collision,Overspeeding,2,Car; Motorcycle,26-35,0,2,Low
Bauddhaloka Mawatha Cinnamon Gardens,2022-12-11,10:37,Serious Injury,Single Vehicle Crash,Reckless Driving,1,Car,46-55,0,6,High
Ibbanwala Junction,2023-07-16,08:39,Minor Injury,Side-impact Collision,Driver Negligence,4,Car; Bicycle; Motorcycle; Three Wheeler,36-45,0,2,Moderate
Maradana Railway Station Area,2022-12-12,16:19,Serious Injury,Motorcycle Collision,Unsafe Lane Change,2,Motorcycle; Car,18-25,0,4,Moderate
Depanama Junction,2024-08-21,23:52,Minor Injury,Head-on Collision,Driver Negligence,1,Van,18-25,0,4,Low
Panchikawatte,2025-01-29,18:01,Serious Injury,Rear-end Collision,Driver Negligence,4,Three Wheeler; Motorcycle; Van; Bicycle,36-45,0,3,High
Modara Junction,2023-02-08,05:10,Minor Injury,Pedestrian Collision,Mechanical Failure,1,Motorcycle,18-25,0,1,Low
Armour Street Junction,2024-06-18,17:44,Minor Injury,Motorcycle Collision,Unsafe Lane Change,2,Motorcycle; Three Wheeler,56+,0,3,Low
Thimbirigasyaya Junction,2023-02-17,18:37,Minor Injury,Multi-vehicle Collision,Unsafe Lane Change,3,Motorcycle; Car; Bus,56+,0,1,Low
Pettah Clock Tower Area,2025-11-22,09:33,Minor Injury,Motorcycle Collision,Driver Negligence,2,Motorcycle; Car,36-45,0,1,Moderate
Kotahena Junction,2024-05-31,15:14,Fatal,Multi-vehicle Collision,Driver Fatigue,4,Bus; Three Wheeler; Car; Motorcycle,18-25,2,4,High
Rajagiriya Junction,2024-06-20,23:39,Minor Injury,Rear-end Collision,Distracted Driving,1,Motorcycle,26-35,0,1,High
Fort Railway Station Area,2023-05-08,06:07,Minor Injury,Side-impact Collision,Poor Visibility,3,Motorcycle; Three Wheeler; Van,18-25,0,2,Low
Galle Road Kollupitiya,2023-03-14,17:59,Minor Injury,Single Vehicle Crash,Driver Negligence,1,Three Wheeler,36-45,0,4,Low
Pamankada Junction,2022-09-13,03:52,Fatal,Pedestrian Collision,Driver Negligence,2,Motorcycle; Car,26-35,1,5,High
Dematagoda Junction,2024-07-12,13:24,Minor Injury,Motorcycle Collision,Driver Fatigue,2,Motorcycle; Three Wheeler,18-25,0,1,Moderate
Justice Akbar Mawatha Slave Island,2023-01-29,08:33,Minor Injury,Rear-end Collision,Reckless Driving,2,Motorcycle; Car,36-45,0,2,Low
Slave Island Junction,2023-06-29,17:23,Serious Injury,Multi-vehicle Collision,Overspeeding,3,Lorry; Three Wheeler; Car,26-35,0,2,High
Narahenpita Junction,2023-09-29,07:23,Serious Injury,Multi-vehicle Collision,Reckless Driving,4,Motorcycle; Three Wheeler; Bus; Bicycle,18-25,0,4,High
Bauddhaloka Mawatha Cinnamon Gardens,2025-05-06,16:22,Serious Injury,Pedestrian Collision,Overspeeding,1,Motorcycle,36-45,0,5,High
Mattakkuliya Junction,2023-06-13,21:39,Minor Injury,Side-impact Collision,Distracted Driving,1,Motorcycle,18-25,0,1,Low
"No. 78 High Level Road, Gangodawila, Nugegoda",2024-02-28,21:32,Serious Injury,Side-impact Collision,Overspeeding,4,Motorcycle; Three Wheeler; Van; Car,46-55,0,4,Moderate
Panchikawatte,2025-04-22,04:16,Minor Injury,Single Vehicle Crash,Distracted Driving,1,Three Wheeler,26-35,0,3,Low
Borella Junction,2024-03-13,16:33,Fatal,Side-impact Collision,Poor Visibility,2,Three Wheeler; Bicycle,36-45,1,5,Moderate
Slave Island Junction,2025-02-04,12:10,Minor Injury,Pedestrian Collision,Unsafe Lane Change,1,Motorcycle,56+,0,2,Low
High Level Road Kirulapone,2023-12-12,07:59,Minor Injury,Pedestrian Collision,Unsafe Lane Change,1,Motorcycle,46-55,0,2,Low
Fort Bus Stand Area,2024-07-28,08:04,Minor Injury,Multi-vehicle Collision,Overspeeding,4,Motorcycle; Car; Three Wheeler; Van,26-35,0,1,Low
Maligawatte Junction,2025-12-21,23:24,Minor Injury,Motorcycle Collision,Driver Fatigue,1,Motorcycle,56+,0,1,Low
Modara Junction,2022-07-19,22:38,Minor Injury,Motorcycle Collision,Driver Negligence,2,Motorcycle; Car,36-45,0,2,Low
Liberty Plaza Area,2024-11-13,16:33,Minor Injury,Pedestrian Collision,Reckless Driving,1,Van,26-35,0,2,Moderate
Modara Junction,2023-12-13,09:32,Fatal,Side-impact Collision,Distracted Driving,1,Three Wheeler,46-55,1,4,High
Hokandara Junction,2025-11-28,16:51,Serious Injury,Multi-vehicle Collision,Overspeeding,4,Bus; Motorcycle; Car; Bicycle,56+,0,6,High
Havelock Road Havelock Town,2025-05-23,17:27,Minor Injury,Single Vehicle Crash,Driver Fatigue,1,Lorry,36-45,0,1,Low
Galle Road Fort,2025-04-21,10:01,Serious Injury,Side-impact Collision,Driver Negligence,4,Motorcycle; Van; Bus; Car,36-45,0,5,High
Borella Junction,2025-01-30,22:59,Minor Injury,Motorcycle Collision,Reckless Driving,2,Motorcycle; Car,46-55,0,1,Low
Wijerama Junction,2022-08-01,17:12,Minor Injury,Pedestrian Collision,Failure to Yield,2,Motorcycle; Three Wheeler,18-25,0,1,Low
Sir Chittampalam A Gardiner Mawatha Fort,2023-08-24,14:55,Minor Injury,Rear-end Collision,Failure to Yield,2,Van; Motorcycle,26-35,0,1,Low
Colombo Fort Bus Stand Area,2024-03-31,18:38,Serious Injury,Multi-vehicle Collision,Driver Negligence,4,Motorcycle; Three Wheeler; Bicycle; Car,36-45,0,4,High
Bambalapitiya Junction,2025-06-11,04:45,Minor Injury,Motorcycle Collision,Reckless Driving,2,Motorcycle; Three Wheeler,26-35,0,1,Low
Pelawatta Junction,2024-12-19,17:35,Serious Injury,Motorcycle Collision,Overspeeding,3,Motorcycle; Three Wheeler; Bicycle,18-25,0,3,Moderate
"No. 45 Jawatte Road, Colombo 05",2025-02-26,07:50,Fatal,Rear-end Collision,Unsafe Lane Change,1,Bus,18-25,1,1,High
Kochchikade Junction,2023-01-04,09:37,Minor Injury,Pedestrian Collision,Overspeeding,1,Bicycle,56+,0,2,Low
Union Place Slave Island,2023-09-19,19:34,Minor Injury,Single Vehicle Crash,Reckless Driving,1,Lorry,46-55,0,3,Moderate
"No. 5 T B Jayah Mawatha, Maradana, Colombo 10",2022-09-01,19:58,Minor Injury,Pedestrian Collision,Overspeeding,1,Motorcycle,18-25,0,1,Moderate
Pettah Clock Tower Area,2022-04-14,18:21,Minor Injury,Rear-end Collision,Distracted Driving,3,Motorcycle; Car; Three Wheeler,18-25,0,2,Low
Sir Chittampalam A Gardiner Mawatha Fort,2024-10-20,14:51,Fatal,Pedestrian Collision,Overspeeding,1,Motorcycle,18-25,1,5,High
Hulftsdorp Junction,2022-12-11,08:37,Fatal,Head-on Collision,Distracted Driving,1,Lorry,18-25,1,2,High
"No. 12 Nawala Road, Rajagiriya",2022-06-04,21:11,Serious Injury,Rear-end Collision,Overspeeding,1,Car,26-35,0,4,Moderate
Borella Junction,2024-07-12,21:25,Minor Injury,Rear-end Collision,Failure to Yield,3,Motorcycle; Lorry; Car,18-25,0,1,Low
Kadawatha Junction,2023-06-24,17:41,Minor Injury,Motorcycle Collision,Unsafe Lane Change,2,Motorcycle; Bicycle,46-55,0,3,Moderate
Galle Road Kollupitiya,2024-02-28,12:07,Minor Injury,Head-on Collision,Distracted Driving,3,Motorcycle; Bus; Three Wheeler,36-45,0,4,Low
Galle Road Moratuwa,2023-11-07,16:49,Serious Injury,Rear-end Collision,Failure to Yield,2,Motorcycle; Three Wheeler,26-35,0,4,High
Kollupitiya Junction,2025-10-14,12:00,Fatal,Motorcycle Collision,Overspeeding,3,Motorcycle; Lorry; Car,36-45,1,1,Moderate
Nelum Pokuna Area,2024-11-03,18:31,Serious Injury,Motorcycle Collision,Overspeeding,2,Motorcycle; Three Wheeler,56+,0,4,High
Bambalapitiya Junction,2022-09-11,19:54,Minor Injury,Side-impact Collision,Driver Negligence,3,Motorcycle; Three Wheeler; Bus,56+,0,4,Moderate
High Level Road Kirulapone,2025-08-11,23:19,Minor Injury,Rear-end Collision,Driver Negligence,2,Motorcycle; Bus,18-25,0,1,Moderate
Sea Street Kotahena,2025-09-16,08:48,Minor Injury,Head-on Collision,Pedestrian Negligence,1,Motorcycle,18-25,0,2,Low